Evaluation counter,Function values,Function ID,Algorithm ID,Problem dimension,Run ID
1,0.0,F1-F24,1+1,5,1
2,0.3711712168218513,F1-F24,1+1,5,1
3,0.3750109366685893,F1-F24,1+1,5,1
4,0.376862755271181,F1-F24,1+1,5,1
5,0.37534019420920406,F1-F24,1+1,5,1
6,0.37583114978835225,F1-F24,1+1,5,1
7,0.3792932142445064,F1-F24,1+1,5,1
8,0.0,F1-F24,1+1,5,1
9,0.3715639022184306,F1-F24,1+1,5,1
10,0.3734657900414599,F1-F24,1+1,5,1
11,0.3721932956258434,F1-F24,1+1,5,1
12,0.37215212017433236,F1-F24,1+1,5,1
13,0.3817761555205982,F1-F24,1+1,5,1
14,0.38606551867318345,F1-F24,1+1,5,1
15,0.3795238295557651,F1-F24,1+1,5,1
16,0.37824109718797144,F1-F24,1+1,5,1
17,0.3815062391348186,F1-F24,1+1,5,1
18,0.38346471227259565,F1-F24,1+1,5,1
19,0.382706968828566,F1-F24,1+1,5,1
20,0.3790794834156176,F1-F24,1+1,5,1
21,0.3858318705799208,F1-F24,1+1,5,1
22,0.38086377208233524,F1-F24,1+1,5,1
23,0.3780353640497288,F1-F24,1+1,5,1
24,0.3857849564778707,F1-F24,1+1,5,1
25,0.3806477903544017,F1-F24,1+1,5,1
26,0.3799699604825425,F1-F24,1+1,5,1
27,0.3999529024794076,F1-F24,1+1,5,1
28,0.3457021889604808,F1-F24,1+1,5,1
29,0.3831976342802849,F1-F24,1+1,5,1
30,0.37934309573815705,F1-F24,1+1,5,1
31,0.0,F1-F24,1+1,5,1
32,0.38369828544996254,F1-F24,1+1,5,1
33,0.3787875547998663,F1-F24,1+1,5,1
34,0.3863425268451828,F1-F24,1+1,5,1
35,0.3847320603593732,F1-F24,1+1,5,1
36,0.3841162708241802,F1-F24,1+1,5,1
37,0.3894360472142203,F1-F24,1+1,5,1
38,0.392054367977431,F1-F24,1+1,5,1
39,0.3877532454919282,F1-F24,1+1,5,1
40,0.38907138684067377,F1-F24,1+1,5,1
41,0.0,F1-F24,1+1,5,1
42,0.3888131937045466,F1-F24,1+1,5,1
43,0.38747891868469825,F1-F24,1+1,5,1
44,0.3878619532021649,F1-F24,1+1,5,1
45,0.3848062013025125,F1-F24,1+1,5,1
46,0.0,F1-F24,1+1,5,1
47,0.3880275937328919,F1-F24,1+1,5,1
48,0.3866176350046742,F1-F24,1+1,5,1
49,0.33207278876077123,F1-F24,1+1,5,1
50,0.0,F1-F24,1+1,5,1
51,0.0,F1-F24,1+1,5,1
52,0.3884150513109494,F1-F24,1+1,5,1
53,0.38522325904492166,F1-F24,1+1,5,1
54,0.3848696745566527,F1-F24,1+1,5,1
55,0.23110913238633382,F1-F24,1+1,5,1
56,0.3862139584704502,F1-F24,1+1,5,1
57,0.38648389388709725,F1-F24,1+1,5,1
58,0.38874095819424276,F1-F24,1+1,5,1
59,0.38443095526205934,F1-F24,1+1,5,1
60,0.3857932891348962,F1-F24,1+1,5,1
61,0.3898010224410792,F1-F24,1+1,5,1
62,0.38996009577693297,F1-F24,1+1,5,1
63,0.381783871641433,F1-F24,1+1,5,1
64,0.3890089276121736,F1-F24,1+1,5,1
65,0.3896921693326431,F1-F24,1+1,5,1
66,0.38769453313628366,F1-F24,1+1,5,1
67,0.38859144135375917,F1-F24,1+1,5,1
68,0.2585511355288529,F1-F24,1+1,5,1
69,0.0,F1-F24,1+1,5,1
70,0.37590032431921777,F1-F24,1+1,5,1
71,0.3833528918905099,F1-F24,1+1,5,1
72,0.39352766502384734,F1-F24,1+1,5,1
73,0.4034613241834192,F1-F24,1+1,5,1
74,0.23712593401268311,F1-F24,1+1,5,1
75,0.0,F1-F24,1+1,5,1
76,0.38787892665292467,F1-F24,1+1,5,1
77,0.3877819432471951,F1-F24,1+1,5,1
78,0.3877967619282595,F1-F24,1+1,5,1
79,0.3922388834685133,F1-F24,1+1,5,1
80,0.37871572955198135,F1-F24,1+1,5,1
81,0.387539471228062,F1-F24,1+1,5,1
82,0.3879659108772087,F1-F24,1+1,5,1
83,0.38759027056756007,F1-F24,1+1,5,1
84,0.38071100394525864,F1-F24,1+1,5,1
85,0.38436837040404254,F1-F24,1+1,5,1
86,0.3671747551529073,F1-F24,1+1,5,1
87,0.38227088125229086,F1-F24,1+1,5,1
88,0.0,F1-F24,1+1,5,1
89,0.3875557033051344,F1-F24,1+1,5,1
90,0.24334978989200007,F1-F24,1+1,5,1
91,0.38339537753452313,F1-F24,1+1,5,1
92,0.386167266670669,F1-F24,1+1,5,1
93,0.3897067487525329,F1-F24,1+1,5,1
94,0.38902796560693625,F1-F24,1+1,5,1
95,0.381761231480548,F1-F24,1+1,5,1
96,0.2044922536957548,F1-F24,1+1,5,1
97,0.3903516941977173,F1-F24,1+1,5,1
98,0.38778189762442994,F1-F24,1+1,5,1
99,0.3832563879352433,F1-F24,1+1,5,1
100,0.3914974622740232,F1-F24,1+1,5,1
1,0.0,F1-F24,1+1,5,2
2,0.36021768338632065,F1-F24,1+1,5,2
3,0.3615933604908304,F1-F24,1+1,5,2
4,0.3699031057690047,F1-F24,1+1,5,2
5,0.3693797783643941,F1-F24,1+1,5,2
6,0.3661403761152282,F1-F24,1+1,5,2
7,0.3675139774854222,F1-F24,1+1,5,2
8,0.37093174390763317,F1-F24,1+1,5,2
9,0.3667144660149016,F1-F24,1+1,5,2
10,0.3760280127535433,F1-F24,1+1,5,2
11,0.37534542015396255,F1-F24,1+1,5,2
12,0.37416757085068775,F1-F24,1+1,5,2
13,0.0,F1-F24,1+1,5,2
14,0.0,F1-F24,1+1,5,2
15,0.386219456856633,F1-F24,1+1,5,2
16,0.38487945005445084,F1-F24,1+1,5,2
17,0.38448686949027244,F1-F24,1+1,5,2
18,0.3635287435962616,F1-F24,1+1,5,2
19,0.3852925932092964,F1-F24,1+1,5,2
20,0.0,F1-F24,1+1,5,2
21,0.0,F1-F24,1+1,5,2
22,0.3835642656164505,F1-F24,1+1,5,2
23,0.3781063892902678,F1-F24,1+1,5,2
24,0.37981668996323514,F1-F24,1+1,5,2
25,0.387636504842628,F1-F24,1+1,5,2
26,0.3771951411729687,F1-F24,1+1,5,2
27,0.38233348510269294,F1-F24,1+1,5,2
28,0.37671636639473843,F1-F24,1+1,5,2
29,0.3763283763828595,F1-F24,1+1,5,2
30,0.0,F1-F24,1+1,5,2
31,0.3804782453988615,F1-F24,1+1,5,2
32,0.38332854173543907,F1-F24,1+1,5,2
33,0.37375559366824185,F1-F24,1+1,5,2
34,0.38763064847758055,F1-F24,1+1,5,2
35,0.38782025126517083,F1-F24,1+1,5,2
36,0.3818452389748085,F1-F24,1+1,5,2
37,0.3794100782811192,F1-F24,1+1,5,2
38,0.37723672060698454,F1-F24,1+1,5,2
39,0.38577899377410835,F1-F24,1+1,5,2
40,0.3843098958684396,F1-F24,1+1,5,2
41,0.3767196447083679,F1-F24,1+1,5,2
42,0.38416993695587587,F1-F24,1+1,5,2
43,0.37975839300252456,F1-F24,1+1,5,2
44,0.37936594669146306,F1-F24,1+1,5,2
45,0.3870066340282487,F1-F24,1+1,5,2
46,0.0,F1-F24,1+1,5,2
47,0.38089984452830045,F1-F24,1+1,5,2
48,0.0,F1-F24,1+1,5,2
49,0.37608826512607746,F1-F24,1+1,5,2
50,0.0,F1-F24,1+1,5,2
51,0.38796429661136717,F1-F24,1+1,5,2
52,0.3793489564576608,F1-F24,1+1,5,2
53,0.38184034096794994,F1-F24,1+1,5,2
54,0.37967957126138935,F1-F24,1+1,5,2
55,0.3770556782100349,F1-F24,1+1,5,2
56,0.3776200984017898,F1-F24,1+1,5,2
57,0.38004584766858956,F1-F24,1+1,5,2
58,0.3852556477313415,F1-F24,1+1,5,2
59,0.37959508923528434,F1-F24,1+1,5,2
60,0.38094957860799156,F1-F24,1+1,5,2
61,0.3712144119794235,F1-F24,1+1,5,2
62,0.38289926525570167,F1-F24,1+1,5,2
63,0.38116673167929255,F1-F24,1+1,5,2
64,0.38949367263744356,F1-F24,1+1,5,2
65,0.3831606603467288,F1-F24,1+1,5,2
66,0.0,F1-F24,1+1,5,2
67,0.3882269801837855,F1-F24,1+1,5,2
68,0.0,F1-F24,1+1,5,2
69,0.3882367577917591,F1-F24,1+1,5,2
70,0.38688249524272744,F1-F24,1+1,5,2
71,0.0,F1-F24,1+1,5,2
72,0.0,F1-F24,1+1,5,2
73,0.38459182417232596,F1-F24,1+1,5,2
74,0.3867936321605609,F1-F24,1+1,5,2
75,0.38702834295174804,F1-F24,1+1,5,2
76,0.38549203126206694,F1-F24,1+1,5,2
77,0.3902020887436313,F1-F24,1+1,5,2
78,0.38091716959786204,F1-F24,1+1,5,2
79,0.0,F1-F24,1+1,5,2
80,0.38652140945723545,F1-F24,1+1,5,2
81,0.0,F1-F24,1+1,5,2
82,0.37916512863756824,F1-F24,1+1,5,2
83,0.0,F1-F24,1+1,5,2
84,0.38360898259467663,F1-F24,1+1,5,2
85,0.0,F1-F24,1+1,5,2
86,0.386377179753828,F1-F24,1+1,5,2
87,0.38149760261083837,F1-F24,1+1,5,2
88,0.3677823987748884,F1-F24,1+1,5,2
89,0.3857779149631589,F1-F24,1+1,5,2
90,0.38157631369075706,F1-F24,1+1,5,2
91,0.38443531803611986,F1-F24,1+1,5,2
92,0.3804574282205271,F1-F24,1+1,5,2
93,0.37516556015751706,F1-F24,1+1,5,2
94,0.38082227173533184,F1-F24,1+1,5,2
95,0.38489406774733215,F1-F24,1+1,5,2
96,0.0,F1-F24,1+1,5,2
97,0.0,F1-F24,1+1,5,2
98,0.36846026252814224,F1-F24,1+1,5,2
99,0.3865550044089632,F1-F24,1+1,5,2
1,0.36388891049409455,F1-F24,1+1,5,3
2,0.36574913673534726,F1-F24,1+1,5,3
3,0.3712042869383311,F1-F24,1+1,5,3
4,0.3812558855385836,F1-F24,1+1,5,3
5,0.38284166276536935,F1-F24,1+1,5,3
6,0.37875390447450724,F1-F24,1+1,5,3
7,0.37711955729045776,F1-F24,1+1,5,3
8,0.3700589892004972,F1-F24,1+1,5,3
9,0.37968757307877943,F1-F24,1+1,5,3
10,0.37738647402965236,F1-F24,1+1,5,3
11,0.3860588602369677,F1-F24,1+1,5,3
12,0.0,F1-F24,1+1,5,3
13,0.3855600973748885,F1-F24,1+1,5,3
14,0.3770056256204988,F1-F24,1+1,5,3
15,0.0,F1-F24,1+1,5,3
16,0.36401185951625864,F1-F24,1+1,5,3
17,0.0,F1-F24,1+1,5,3
18,0.37890430115869317,F1-F24,1+1,5,3
19,0.38199848068721637,F1-F24,1+1,5,3
20,0.0,F1-F24,1+1,5,3
21,0.0,F1-F24,1+1,5,3
22,0.38395134346698356,F1-F24,1+1,5,3
23,0.0,F1-F24,1+1,5,3
24,0.0,F1-F24,1+1,5,3
25,0.0,F1-F24,1+1,5,3
26,0.35881509585110927,F1-F24,1+1,5,3
27,0.38409457423635746,F1-F24,1+1,5,3
28,0.0,F1-F24,1+1,5,3
29,0.3607237487073932,F1-F24,1+1,5,3
30,0.3838836025288899,F1-F24,1+1,5,3
31,0.0,F1-F24,1+1,5,3
32,0.38730479547996577,F1-F24,1+1,5,3
33,0.3918734000590558,F1-F24,1+1,5,3
34,0.0,F1-F24,1+1,5,3
35,0.0,F1-F24,1+1,5,3
36,0.0,F1-F24,1+1,5,3
37,0.3538711522224602,F1-F24,1+1,5,3
38,0.0,F1-F24,1+1,5,3
39,0.0,F1-F24,1+1,5,3
40,0.0,F1-F24,1+1,5,3
41,0.0,F1-F24,1+1,5,3
42,0.0,F1-F24,1+1,5,3
43,0.3766033299259313,F1-F24,1+1,5,3
44,0.36283293752982815,F1-F24,1+1,5,3
45,0.0,F1-F24,1+1,5,3
46,0.3823253801462386,F1-F24,1+1,5,3
47,0.37187957069561295,F1-F24,1+1,5,3
48,0.3837251288695176,F1-F24,1+1,5,3
49,0.0,F1-F24,1+1,5,3
50,0.0,F1-F24,1+1,5,3
51,0.0,F1-F24,1+1,5,3
52,0.0,F1-F24,1+1,5,3
53,0.0,F1-F24,1+1,5,3
54,0.0,F1-F24,1+1,5,3
55,0.36719425754323753,F1-F24,1+1,5,3
56,0.3762990530850075,F1-F24,1+1,5,3
57,0.0,F1-F24,1+1,5,3
58,0.3561448412516776,F1-F24,1+1,5,3
59,0.0,F1-F24,1+1,5,3
60,0.0,F1-F24,1+1,5,3
61,0.0,F1-F24,1+1,5,3
62,0.0,F1-F24,1+1,5,3
63,0.0,F1-F24,1+1,5,3
64,0.3639884382800046,F1-F24,1+1,5,3
65,0.0,F1-F24,1+1,5,3
66,0.0,F1-F24,1+1,5,3
67,0.366436639622177,F1-F24,1+1,5,3
68,0.371299169006487,F1-F24,1+1,5,3
69,0.0,F1-F24,1+1,5,3
70,0.3772489389538289,F1-F24,1+1,5,3
71,0.384056551177324,F1-F24,1+1,5,3
72,0.3851713922168569,F1-F24,1+1,5,3
73,0.0,F1-F24,1+1,5,3
74,0.36064834982962635,F1-F24,1+1,5,3
75,0.360806273084721,F1-F24,1+1,5,3
76,0.0,F1-F24,1+1,5,3
77,0.0,F1-F24,1+1,5,3
78,0.0,F1-F24,1+1,5,3
79,0.0,F1-F24,1+1,5,3
80,0.0,F1-F24,1+1,5,3
81,0.0,F1-F24,1+1,5,3
82,0.0,F1-F24,1+1,5,3
83,0.3974641316868172,F1-F24,1+1,5,3
84,0.0,F1-F24,1+1,5,3
85,0.3885266406903245,F1-F24,1+1,5,3
86,0.0,F1-F24,1+1,5,3
87,0.0,F1-F24,1+1,5,3
88,0.38483916931901163,F1-F24,1+1,5,3
89,0.3899243102924666,F1-F24,1+1,5,3
90,0.0,F1-F24,1+1,5,3
91,0.3910300199166546,F1-F24,1+1,5,3
92,0.0,F1-F24,1+1,5,3
93,0.38740722450501647,F1-F24,1+1,5,3
94,0.0,F1-F24,1+1,5,3
95,0.39500752175592607,F1-F24,1+1,5,3
96,0.3891322429163948,F1-F24,1+1,5,3
97,0.0,F1-F24,1+1,5,3
98,0.3671632796717006,F1-F24,1+1,5,3
99,0.38335002552827696,F1-F24,1+1,5,3
100,0.38430931500279564,F1-F24,1+1,5,3
1,0.0,F1-F24,1+1,5,4
2,0.0,F1-F24,1+1,5,4
3,0.3751959684796926,F1-F24,1+1,5,4
4,0.3872111648907867,F1-F24,1+1,5,4
5,0.38603033175574186,F1-F24,1+1,5,4
6,0.3887897519437408,F1-F24,1+1,5,4
7,0.23251915581338245,F1-F24,1+1,5,4
8,0.3766037602166909,F1-F24,1+1,5,4
9,0.2473457249101406,F1-F24,1+1,5,4
10,0.37749827735471786,F1-F24,1+1,5,4
11,0.3831071632023548,F1-F24,1+1,5,4
12,0.27699830397485564,F1-F24,1+1,5,4
13,0.3887178402190387,F1-F24,1+1,5,4
14,0.0,F1-F24,1+1,5,4
15,0.38290609057834096,F1-F24,1+1,5,4
16,0.2627817798698272,F1-F24,1+1,5,4
17,0.0,F1-F24,1+1,5,4
18,0.37825721688088604,F1-F24,1+1,5,4
19,0.3825767199331473,F1-F24,1+1,5,4
20,0.38236197736400473,F1-F24,1+1,5,4
21,0.3799107899357861,F1-F24,1+1,5,4
22,0.3788895277788452,F1-F24,1+1,5,4
23,0.30903655396814594,F1-F24,1+1,5,4
24,0.38555511616215354,F1-F24,1+1,5,4
25,0.37871163935993873,F1-F24,1+1,5,4
26,0.3726627814631148,F1-F24,1+1,5,4
27,0.37192553038776344,F1-F24,1+1,5,4
28,0.37335781129391354,F1-F24,1+1,5,4
29,0.0,F1-F24,1+1,5,4
30,0.38222541473975846,F1-F24,1+1,5,4
31,0.38837873974840953,F1-F24,1+1,5,4
32,0.37905133406549,F1-F24,1+1,5,4
33,0.3834450593634536,F1-F24,1+1,5,4
34,0.3901058013826926,F1-F24,1+1,5,4
35,0.3216321195736418,F1-F24,1+1,5,4
36,0.3880579777578628,F1-F24,1+1,5,4
37,0.37910744606009156,F1-F24,1+1,5,4
38,0.3879501017882751,F1-F24,1+1,5,4
39,0.38288185242619244,F1-F24,1+1,5,4
40,0.38728378973271926,F1-F24,1+1,5,4
41,0.0,F1-F24,1+1,5,4
42,0.3913798439870654,F1-F24,1+1,5,4
43,0.2628349535953248,F1-F24,1+1,5,4
44,0.0,F1-F24,1+1,5,4
45,0.3888902163732392,F1-F24,1+1,5,4
46,0.0,F1-F24,1+1,5,4
47,0.39074271676269545,F1-F24,1+1,5,4
48,0.3839396178585402,F1-F24,1+1,5,4
49,0.38806701243071046,F1-F24,1+1,5,4
50,0.38592629760602226,F1-F24,1+1,5,4
51,0.390852768666969,F1-F24,1+1,5,4
52,0.38872175804212905,F1-F24,1+1,5,4
53,0.0,F1-F24,1+1,5,4
54,0.3944800815358333,F1-F24,1+1,5,4
55,0.4005988976578225,F1-F24,1+1,5,4
56,0.38689848280961975,F1-F24,1+1,5,4
57,0.3655315071285159,F1-F24,1+1,5,4
58,0.39086521003155805,F1-F24,1+1,5,4
59,0.0,F1-F24,1+1,5,4
60,0.39368477617800834,F1-F24,1+1,5,4
61,0.37919608767376545,F1-F24,1+1,5,4
62,0.38548011717453545,F1-F24,1+1,5,4
63,0.38839643841892474,F1-F24,1+1,5,4
64,0.3897777661817321,F1-F24,1+1,5,4
65,0.0,F1-F24,1+1,5,4
66,0.3837921978835503,F1-F24,1+1,5,4
67,0.3677170388843214,F1-F24,1+1,5,4
68,0.37818044323482397,F1-F24,1+1,5,4
69,0.38887098554991156,F1-F24,1+1,5,4
70,0.3951790980777688,F1-F24,1+1,5,4
71,0.3888460904958759,F1-F24,1+1,5,4
72,0.3640170880941882,F1-F24,1+1,5,4
73,0.3890409752141737,F1-F24,1+1,5,4
74,0.3861109352307829,F1-F24,1+1,5,4
75,0.0,F1-F24,1+1,5,4
76,0.38161225227703954,F1-F24,1+1,5,4
77,0.3936393297008228,F1-F24,1+1,5,4
78,0.38927951850052095,F1-F24,1+1,5,4
79,0.38798386824496855,F1-F24,1+1,5,4
80,0.0,F1-F24,1+1,5,4
81,0.0,F1-F24,1+1,5,4
82,0.39173452566756517,F1-F24,1+1,5,4
83,0.0,F1-F24,1+1,5,4
84,0.0,F1-F24,1+1,5,4
85,0.3920945786953848,F1-F24,1+1,5,4
86,0.39320896509327063,F1-F24,1+1,5,4
87,0.39065838167089667,F1-F24,1+1,5,4
88,0.3853133732497423,F1-F24,1+1,5,4
89,0.39213139875846126,F1-F24,1+1,5,4
90,0.34311782503710964,F1-F24,1+1,5,4
91,0.390605011626621,F1-F24,1+1,5,4
92,0.386139549452872,F1-F24,1+1,5,4
93,0.3904680957580807,F1-F24,1+1,5,4
94,0.39167825863413314,F1-F24,1+1,5,4
95,0.0,F1-F24,1+1,5,4
96,0.2760017585988944,F1-F24,1+1,5,4
97,0.38996515177633373,F1-F24,1+1,5,4
98,0.38648865627802387,F1-F24,1+1,5,4
99,0.3844464770903912,F1-F24,1+1,5,4
100,0.373740091192335,F1-F24,1+1,5,4
1,0.3773774682250562,F1-F24,1+1,5,5
2,0.0,F1-F24,1+1,5,5
3,0.3674206510979579,F1-F24,1+1,5,5
4,0.36854690445730504,F1-F24,1+1,5,5
5,0.4017206971921818,F1-F24,1+1,5,5
6,0.40199237990822545,F1-F24,1+1,5,5
7,0.39102643755976,F1-F24,1+1,5,5
8,0.38868332085514495,F1-F24,1+1,5,5
9,0.4020877240801688,F1-F24,1+1,5,5
10,0.39470149597394677,F1-F24,1+1,5,5
11,0.40081721494414563,F1-F24,1+1,5,5
12,0.3998425089383427,F1-F24,1+1,5,5
13,0.3966803044745646,F1-F24,1+1,5,5
14,0.3796341406675027,F1-F24,1+1,5,5
15,0.3922480278645717,F1-F24,1+1,5,5
16,0.38798698139001125,F1-F24,1+1,5,5
17,0.399341678462264,F1-F24,1+1,5,5
18,0.0,F1-F24,1+1,5,5
19,0.40077009126005575,F1-F24,1+1,5,5
20,0.3949478248643501,F1-F24,1+1,5,5
21,0.39400078326416943,F1-F24,1+1,5,5
22,0.3902069897607942,F1-F24,1+1,5,5
23,0.3956519414758786,F1-F24,1+1,5,5
24,0.39866879249473114,F1-F24,1+1,5,5
25,0.40195499450835265,F1-F24,1+1,5,5
26,0.0,F1-F24,1+1,5,5
27,0.398075006552407,F1-F24,1+1,5,5
28,0.3974079456141306,F1-F24,1+1,5,5
29,0.0,F1-F24,1+1,5,5
30,0.37044655985962355,F1-F24,1+1,5,5
31,0.3911836014346577,F1-F24,1+1,5,5
32,0.37195365312836864,F1-F24,1+1,5,5
33,0.3897417217449491,F1-F24,1+1,5,5
34,0.39644724969430994,F1-F24,1+1,5,5
35,0.39478334478023214,F1-F24,1+1,5,5
36,0.0,F1-F24,1+1,5,5
37,0.3952069893086002,F1-F24,1+1,5,5
38,0.3774253626384443,F1-F24,1+1,5,5
39,0.3959784713923778,F1-F24,1+1,5,5
40,0.4002701561639896,F1-F24,1+1,5,5
41,0.3985531787063982,F1-F24,1+1,5,5
42,0.3731371860891455,F1-F24,1+1,5,5
43,0.37230186388604375,F1-F24,1+1,5,5
44,0.0,F1-F24,1+1,5,5
45,0.0,F1-F24,1+1,5,5
46,0.37355621079902923,F1-F24,1+1,5,5
47,0.0,F1-F24,1+1,5,5
48,0.39441092960638285,F1-F24,1+1,5,5
49,0.3817973202990255,F1-F24,1+1,5,5
50,0.379330530877921,F1-F24,1+1,5,5
51,0.3966180577603478,F1-F24,1+1,5,5
52,0.4090763808396935,F1-F24,1+1,5,5
53,0.3915592072599113,F1-F24,1+1,5,5
54,0.38877280979780576,F1-F24,1+1,5,5
55,0.0,F1-F24,1+1,5,5
56,0.39789263571707517,F1-F24,1+1,5,5
57,0.4026532319518662,F1-F24,1+1,5,5
58,0.0,F1-F24,1+1,5,5
59,0.31496690409085115,F1-F24,1+1,5,5
60,0.4066371847204543,F1-F24,1+1,5,5
61,0.37806865570652726,F1-F24,1+1,5,5
62,0.0,F1-F24,1+1,5,5
63,0.40428072913741303,F1-F24,1+1,5,5
64,0.0,F1-F24,1+1,5,5
65,0.0,F1-F24,1+1,5,5
66,0.0,F1-F24,1+1,5,5
67,0.37669890740280765,F1-F24,1+1,5,5
68,0.3892950008297926,F1-F24,1+1,5,5
69,0.37551380824128316,F1-F24,1+1,5,5
70,0.40100076396893036,F1-F24,1+1,5,5
71,0.36704007810091205,F1-F24,1+1,5,5
72,0.39345185829566515,F1-F24,1+1,5,5
73,0.40058050430184905,F1-F24,1+1,5,5
74,0.3701814920717144,F1-F24,1+1,5,5
75,0.39494797613127636,F1-F24,1+1,5,5
76,0.0,F1-F24,1+1,5,5
77,0.37519351947021673,F1-F24,1+1,5,5
78,0.40396023454010827,F1-F24,1+1,5,5
79,0.4013268782389756,F1-F24,1+1,5,5
80,0.37514684023321754,F1-F24,1+1,5,5
81,0.3928719704355599,F1-F24,1+1,5,5
82,0.40016466180958343,F1-F24,1+1,5,5
83,0.3901879740131925,F1-F24,1+1,5,5
84,0.0,F1-F24,1+1,5,5
85,0.3830679405603465,F1-F24,1+1,5,5
86,0.4072506460071337,F1-F24,1+1,5,5
87,0.4051708225110375,F1-F24,1+1,5,5
88,0.39137028368958793,F1-F24,1+1,5,5
89,0.0,F1-F24,1+1,5,5
90,0.39602032332412856,F1-F24,1+1,5,5
91,0.40025707388226645,F1-F24,1+1,5,5
92,0.37795452951802544,F1-F24,1+1,5,5
93,0.3999638662287751,F1-F24,1+1,5,5
94,0.3977023443295116,F1-F24,1+1,5,5
95,0.4017260472687106,F1-F24,1+1,5,5
96,0.3996695106978589,F1-F24,1+1,5,5
97,0.39213148929234803,F1-F24,1+1,5,5
98,0.40224411614211475,F1-F24,1+1,5,5
99,0.37312958881411085,F1-F24,1+1,5,5
100,0.3938522149456117,F1-F24,1+1,5,5
1,0.386150290575031,F1-F24,"4,16",5,1
2,0.3655242801416365,F1-F24,"4,16",5,1
3,0.3872465526893907,F1-F24,"4,16",5,1
4,0.3833088021500258,F1-F24,"4,16",5,1
5,0.3904683470606345,F1-F24,"4,16",5,1
6,0.37628594835155293,F1-F24,"4,16",5,1
7,0.3828008364315687,F1-F24,"4,16",5,1
8,0.38536731388843354,F1-F24,"4,16",5,1
9,0.3688724675591661,F1-F24,"4,16",5,1
10,0.38769490014685987,F1-F24,"4,16",5,1
11,0.3685762557522992,F1-F24,"4,16",5,1
12,0.0,F1-F24,"4,16",5,1
13,0.37510713459837214,F1-F24,"4,16",5,1
14,0.38714463083911654,F1-F24,"4,16",5,1
15,0.3911368563358185,F1-F24,"4,16",5,1
16,0.3857245024611425,F1-F24,"4,16",5,1
17,0.38183235943526056,F1-F24,"4,16",5,1
18,0.3637476927627787,F1-F24,"4,16",5,1
19,0.0,F1-F24,"4,16",5,1
20,0.3818977486065444,F1-F24,"4,16",5,1
21,0.38527954976249196,F1-F24,"4,16",5,1
22,0.36727779345159206,F1-F24,"4,16",5,1
23,0.38513640309406494,F1-F24,"4,16",5,1
24,0.3904546786826247,F1-F24,"4,16",5,1
25,0.38449636584884134,F1-F24,"4,16",5,1
26,0.3822951403865989,F1-F24,"4,16",5,1
27,0.38314072028732343,F1-F24,"4,16",5,1
28,0.38520640352325713,F1-F24,"4,16",5,1
29,0.3869032130712096,F1-F24,"4,16",5,1
30,0.3849793016331918,F1-F24,"4,16",5,1
31,0.38670917776111025,F1-F24,"4,16",5,1
32,0.3852601572590398,F1-F24,"4,16",5,1
33,0.0,F1-F24,"4,16",5,1
34,0.39028374895992385,F1-F24,"4,16",5,1
35,0.38944414323816123,F1-F24,"4,16",5,1
36,0.3862423023463488,F1-F24,"4,16",5,1
37,0.3833624122235416,F1-F24,"4,16",5,1
38,0.3856117214182154,F1-F24,"4,16",5,1
39,0.39159377392644196,F1-F24,"4,16",5,1
40,0.38846538450059237,F1-F24,"4,16",5,1
41,0.3952055492601156,F1-F24,"4,16",5,1
42,0.39338637719327585,F1-F24,"4,16",5,1
43,0.3928451023054151,F1-F24,"4,16",5,1
44,0.3884043330670124,F1-F24,"4,16",5,1
45,0.38721026886244536,F1-F24,"4,16",5,1
46,0.3865053908871318,F1-F24,"4,16",5,1
47,0.39123840962072876,F1-F24,"4,16",5,1
48,0.38601656608065454,F1-F24,"4,16",5,1
49,0.39384984038715537,F1-F24,"4,16",5,1
50,0.3870528315762159,F1-F24,"4,16",5,1
51,0.38926585777274286,F1-F24,"4,16",5,1
52,0.3901818035127919,F1-F24,"4,16",5,1
53,0.39061395141327837,F1-F24,"4,16",5,1
54,0.38171393305172946,F1-F24,"4,16",5,1
55,0.0,F1-F24,"4,16",5,1
56,0.3886138231412845,F1-F24,"4,16",5,1
57,0.39044123892572824,F1-F24,"4,16",5,1
58,0.38922503961961097,F1-F24,"4,16",5,1
59,0.0,F1-F24,"4,16",5,1
60,0.39116150306326497,F1-F24,"4,16",5,1
61,0.389903216482805,F1-F24,"4,16",5,1
62,0.39127168820107755,F1-F24,"4,16",5,1
63,0.38700757514266787,F1-F24,"4,16",5,1
64,0.38794283182992145,F1-F24,"4,16",5,1
65,0.3927906011283529,F1-F24,"4,16",5,1
66,0.38960912961657856,F1-F24,"4,16",5,1
67,0.38942233790201075,F1-F24,"4,16",5,1
68,0.38953924525028516,F1-F24,"4,16",5,1
69,0.38951953268724965,F1-F24,"4,16",5,1
70,0.38288702170105154,F1-F24,"4,16",5,1
71,0.388325091282339,F1-F24,"4,16",5,1
72,0.3691365154166315,F1-F24,"4,16",5,1
73,0.3882858906359059,F1-F24,"4,16",5,1
74,0.3876018519011332,F1-F24,"4,16",5,1
75,0.0,F1-F24,"4,16",5,1
76,0.38957438965987073,F1-F24,"4,16",5,1
77,0.3898180522985956,F1-F24,"4,16",5,1
78,0.3863872040846977,F1-F24,"4,16",5,1
79,0.38978720058115807,F1-F24,"4,16",5,1
80,0.3676583255653675,F1-F24,"4,16",5,1
81,0.0,F1-F24,"4,16",5,1
82,0.39367720799892875,F1-F24,"4,16",5,1
83,0.3884767052905644,F1-F24,"4,16",5,1
84,0.38837150943069204,F1-F24,"4,16",5,1
85,0.37625259708374786,F1-F24,"4,16",5,1
86,0.3899790493650985,F1-F24,"4,16",5,1
87,0.37763141848621185,F1-F24,"4,16",5,1
88,0.38548907748104516,F1-F24,"4,16",5,1
89,0.0,F1-F24,"4,16",5,1
90,0.39373811611887466,F1-F24,"4,16",5,1
91,0.3828906979171118,F1-F24,"4,16",5,1
92,0.3852424531112547,F1-F24,"4,16",5,1
93,0.0,F1-F24,"4,16",5,1
94,0.0,F1-F24,"4,16",5,1
95,0.38569209534976545,F1-F24,"4,16",5,1
96,0.3855068058160631,F1-F24,"4,16",5,1
97,0.38831523062198087,F1-F24,"4,16",5,1
98,0.3817777962303484,F1-F24,"4,16",5,1
99,0.3764489025748997,F1-F24,"4,16",5,1
1,0.38347789508483515,F1-F24,"4,16",5,2
2,0.40542686951948637,F1-F24,"4,16",5,2
3,0.29093540787978606,F1-F24,"4,16",5,2
4,0.37464311857251076,F1-F24,"4,16",5,2
5,0.0,F1-F24,"4,16",5,2
6,0.0,F1-F24,"4,16",5,2
7,0.0,F1-F24,"4,16",5,2
8,0.0,F1-F24,"4,16",5,2
9,0.3818378139396625,F1-F24,"4,16",5,2
10,0.39952445598888514,F1-F24,"4,16",5,2
11,0.35228820059425164,F1-F24,"4,16",5,2
12,0.37538725517200644,F1-F24,"4,16",5,2
13,0.3745188793246305,F1-F24,"4,16",5,2
14,0.3772167348280198,F1-F24,"4,16",5,2
15,0.39858590889345963,F1-F24,"4,16",5,2
16,0.40114301859521634,F1-F24,"4,16",5,2
17,0.3730329840852226,F1-F24,"4,16",5,2
18,0.3862809506349263,F1-F24,"4,16",5,2
19,0.39255601067465457,F1-F24,"4,16",5,2
20,0.40716774727298266,F1-F24,"4,16",5,2
21,0.0,F1-F24,"4,16",5,2
22,0.39905310598203286,F1-F24,"4,16",5,2
23,0.4030598305999449,F1-F24,"4,16",5,2
24,0.3985017195868636,F1-F24,"4,16",5,2
25,0.0,F1-F24,"4,16",5,2
26,0.0,F1-F24,"4,16",5,2
27,0.39892829960049253,F1-F24,"4,16",5,2
28,0.3991766298300767,F1-F24,"4,16",5,2
29,0.3993510355533444,F1-F24,"4,16",5,2
30,0.4018369605778476,F1-F24,"4,16",5,2
31,0.3997666563816666,F1-F24,"4,16",5,2
32,0.40512212421984606,F1-F24,"4,16",5,2
33,0.40460222672736684,F1-F24,"4,16",5,2
34,0.39033496711888543,F1-F24,"4,16",5,2
35,0.3868683387358544,F1-F24,"4,16",5,2
36,0.40024125759964685,F1-F24,"4,16",5,2
37,0.40325788034422866,F1-F24,"4,16",5,2
38,0.402362698375908,F1-F24,"4,16",5,2
39,0.39981332315354917,F1-F24,"4,16",5,2
40,0.39752809721000143,F1-F24,"4,16",5,2
41,0.4058555630595037,F1-F24,"4,16",5,2
42,0.402919038432777,F1-F24,"4,16",5,2
43,0.4130769371800751,F1-F24,"4,16",5,2
44,0.4030779296859189,F1-F24,"4,16",5,2
45,0.4181080269983889,F1-F24,"4,16",5,2
46,0.40044123159639633,F1-F24,"4,16",5,2
47,0.3973742566510142,F1-F24,"4,16",5,2
48,0.4024157326570703,F1-F24,"4,16",5,2
49,0.0,F1-F24,"4,16",5,2
50,0.40134905782930397,F1-F24,"4,16",5,2
51,0.4016532728603565,F1-F24,"4,16",5,2
52,0.3930721288417249,F1-F24,"4,16",5,2
53,0.33707663649331965,F1-F24,"4,16",5,2
54,0.41526250498481304,F1-F24,"4,16",5,2
55,0.38676654593072973,F1-F24,"4,16",5,2
56,0.41405522976947967,F1-F24,"4,16",5,2
57,0.39108939126891357,F1-F24,"4,16",5,2
58,0.0,F1-F24,"4,16",5,2
59,0.3925137200643773,F1-F24,"4,16",5,2
60,0.0,F1-F24,"4,16",5,2
61,0.40050698584757105,F1-F24,"4,16",5,2
62,0.3891771867988734,F1-F24,"4,16",5,2
63,0.4173701127329083,F1-F24,"4,16",5,2
64,0.40805344980127267,F1-F24,"4,16",5,2
65,0.38518354434381813,F1-F24,"4,16",5,2
66,0.375099428598571,F1-F24,"4,16",5,2
67,0.3988274065597278,F1-F24,"4,16",5,2
68,0.41374567425862463,F1-F24,"4,16",5,2
69,0.413979076169739,F1-F24,"4,16",5,2
70,0.3993356425523568,F1-F24,"4,16",5,2
71,0.39815782878760475,F1-F24,"4,16",5,2
72,0.0,F1-F24,"4,16",5,2
73,0.393235508701893,F1-F24,"4,16",5,2
74,0.41426457322907184,F1-F24,"4,16",5,2
75,0.41344213220358317,F1-F24,"4,16",5,2
76,0.4161391681071584,F1-F24,"4,16",5,2
77,0.40975110677534893,F1-F24,"4,16",5,2
78,0.4112118069732791,F1-F24,"4,16",5,2
79,0.4165796093760533,F1-F24,"4,16",5,2
80,0.4109238009187106,F1-F24,"4,16",5,2
81,0.41257420494465546,F1-F24,"4,16",5,2
82,0.0,F1-F24,"4,16",5,2
83,0.4113504676729845,F1-F24,"4,16",5,2
84,0.0,F1-F24,"4,16",5,2
85,0.4097784018065726,F1-F24,"4,16",5,2
86,0.41558727991398375,F1-F24,"4,16",5,2
87,0.4103319042937394,F1-F24,"4,16",5,2
88,0.0,F1-F24,"4,16",5,2
89,0.4119062769096555,F1-F24,"4,16",5,2
90,0.4186566060774208,F1-F24,"4,16",5,2
91,0.40336437548378645,F1-F24,"4,16",5,2
92,0.40938545045622216,F1-F24,"4,16",5,2
93,0.41247881845640966,F1-F24,"4,16",5,2
94,0.4121593882536008,F1-F24,"4,16",5,2
95,0.0,F1-F24,"4,16",5,2
96,0.0,F1-F24,"4,16",5,2
97,0.40718193331622804,F1-F24,"4,16",5,2
98,0.4168179846878637,F1-F24,"4,16",5,2
1,0.3801251478152893,F1-F24,"4,16",5,3
2,0.0,F1-F24,"4,16",5,3
3,0.0,F1-F24,"4,16",5,3
4,0.4195726615963513,F1-F24,"4,16",5,3
5,0.3821978728742065,F1-F24,"4,16",5,3
6,0.4160473698345096,F1-F24,"4,16",5,3
7,0.39609130150121424,F1-F24,"4,16",5,3
8,0.3800581980381049,F1-F24,"4,16",5,3
9,0.38472167853978567,F1-F24,"4,16",5,3
10,0.3909219693269239,F1-F24,"4,16",5,3
11,0.4135496394293083,F1-F24,"4,16",5,3
12,0.4108365924527585,F1-F24,"4,16",5,3
13,0.0,F1-F24,"4,16",5,3
14,0.3857656666985152,F1-F24,"4,16",5,3
15,0.0,F1-F24,"4,16",5,3
16,0.0,F1-F24,"4,16",5,3
17,0.38651728091230403,F1-F24,"4,16",5,3
18,0.0,F1-F24,"4,16",5,3
19,0.40128495811541665,F1-F24,"4,16",5,3
20,0.41629143310824257,F1-F24,"4,16",5,3
21,0.3977353529692745,F1-F24,"4,16",5,3
22,0.4017084634815657,F1-F24,"4,16",5,3
23,0.38171256383536245,F1-F24,"4,16",5,3
24,0.3790714568670828,F1-F24,"4,16",5,3
25,0.41665795583125864,F1-F24,"4,16",5,3
26,0.40067593870872104,F1-F24,"4,16",5,3
27,0.39745644044519796,F1-F24,"4,16",5,3
28,0.0,F1-F24,"4,16",5,3
29,0.4103630351262153,F1-F24,"4,16",5,3
30,0.41294215218229524,F1-F24,"4,16",5,3
31,0.41050241782375074,F1-F24,"4,16",5,3
32,0.0,F1-F24,"4,16",5,3
33,0.42649583788514867,F1-F24,"4,16",5,3
34,0.3978941536054972,F1-F24,"4,16",5,3
35,0.4196548999737085,F1-F24,"4,16",5,3
36,0.409893084261544,F1-F24,"4,16",5,3
37,0.0,F1-F24,"4,16",5,3
38,0.4192025065413479,F1-F24,"4,16",5,3
39,0.41420019875352154,F1-F24,"4,16",5,3
40,0.33023822332887454,F1-F24,"4,16",5,3
41,0.4179372502878865,F1-F24,"4,16",5,3
42,0.4108196512651977,F1-F24,"4,16",5,3
43,0.4205702077418959,F1-F24,"4,16",5,3
44,0.39775119827375854,F1-F24,"4,16",5,3
45,0.4157456272763626,F1-F24,"4,16",5,3
46,0.42506113450297384,F1-F24,"4,16",5,3
47,0.4065697007145619,F1-F24,"4,16",5,3
48,0.4178539492001313,F1-F24,"4,16",5,3
49,0.42440987150225423,F1-F24,"4,16",5,3
50,0.4012134705079964,F1-F24,"4,16",5,3
51,0.4165435146863699,F1-F24,"4,16",5,3
52,0.4083948766628694,F1-F24,"4,16",5,3
53,0.417748400535929,F1-F24,"4,16",5,3
54,0.0,F1-F24,"4,16",5,3
55,0.42423000058067917,F1-F24,"4,16",5,3
56,0.0,F1-F24,"4,16",5,3
57,0.0,F1-F24,"4,16",5,3
58,0.0,F1-F24,"4,16",5,3
59,0.4028316972572888,F1-F24,"4,16",5,3
60,0.40476683373116346,F1-F24,"4,16",5,3
61,0.0,F1-F24,"4,16",5,3
62,0.40688878247542287,F1-F24,"4,16",5,3
63,0.4197841276036494,F1-F24,"4,16",5,3
64,0.39174819987029325,F1-F24,"4,16",5,3
65,0.4124002314834023,F1-F24,"4,16",5,3
66,0.4049549843069013,F1-F24,"4,16",5,3
67,0.3977141915963724,F1-F24,"4,16",5,3
68,0.37917298731417853,F1-F24,"4,16",5,3
69,0.4226104910044073,F1-F24,"4,16",5,3
70,0.4130127014791852,F1-F24,"4,16",5,3
71,0.4163331373305187,F1-F24,"4,16",5,3
72,0.4207883828455438,F1-F24,"4,16",5,3
73,0.0,F1-F24,"4,16",5,3
74,0.41274961957647704,F1-F24,"4,16",5,3
75,0.4198683046124733,F1-F24,"4,16",5,3
76,0.0,F1-F24,"4,16",5,3
77,0.4170378263723781,F1-F24,"4,16",5,3
78,0.4077026136192651,F1-F24,"4,16",5,3
79,0.41143783967937747,F1-F24,"4,16",5,3
80,0.4267606951305389,F1-F24,"4,16",5,3
81,0.41710234206255586,F1-F24,"4,16",5,3
82,0.41891510965793183,F1-F24,"4,16",5,3
83,0.3873089291847935,F1-F24,"4,16",5,3
84,0.41854585103527203,F1-F24,"4,16",5,3
85,0.421810236394249,F1-F24,"4,16",5,3
86,0.41792047913687136,F1-F24,"4,16",5,3
87,0.42045993895609424,F1-F24,"4,16",5,3
88,0.41803596172391794,F1-F24,"4,16",5,3
89,0.4246963846959969,F1-F24,"4,16",5,3
90,0.0,F1-F24,"4,16",5,3
91,0.4140865150427213,F1-F24,"4,16",5,3
92,0.4266511117738071,F1-F24,"4,16",5,3
93,0.3522898688863525,F1-F24,"4,16",5,3
94,0.3934964246020174,F1-F24,"4,16",5,3
95,0.4177579261879412,F1-F24,"4,16",5,3
96,0.4219366586318498,F1-F24,"4,16",5,3
97,0.4249000983564049,F1-F24,"4,16",5,3
98,0.4179126116030278,F1-F24,"4,16",5,3
99,0.4088263483957518,F1-F24,"4,16",5,3
100,0.417299318949361,F1-F24,"4,16",5,3
1,0.3800599037959076,F1-F24,"4,16",5,4
2,0.43266542415984305,F1-F24,"4,16",5,4
3,0.38338692331733243,F1-F24,"4,16",5,4
4,0.0,F1-F24,"4,16",5,4
5,0.4015020369000204,F1-F24,"4,16",5,4
6,0.39386986079586,F1-F24,"4,16",5,4
7,0.416790963173956,F1-F24,"4,16",5,4
8,0.3848694932347342,F1-F24,"4,16",5,4
9,0.4237887118176038,F1-F24,"4,16",5,4
10,0.38542484220725465,F1-F24,"4,16",5,4
11,0.38793632474478235,F1-F24,"4,16",5,4
12,0.3758985070428239,F1-F24,"4,16",5,4
13,0.3806349742326383,F1-F24,"4,16",5,4
14,0.4161412867463819,F1-F24,"4,16",5,4
15,0.0,F1-F24,"4,16",5,4
16,0.3774256115228834,F1-F24,"4,16",5,4
17,0.38245231607702745,F1-F24,"4,16",5,4
18,0.3750908284903131,F1-F24,"4,16",5,4
19,0.3895439631914666,F1-F24,"4,16",5,4
20,0.43921216766548227,F1-F24,"4,16",5,4
21,0.39776857765474116,F1-F24,"4,16",5,4
22,0.4158946991446175,F1-F24,"4,16",5,4
23,0.4180333506259102,F1-F24,"4,16",5,4
24,0.4121117743655099,F1-F24,"4,16",5,4
25,0.40885346232126607,F1-F24,"4,16",5,4
26,0.0,F1-F24,"4,16",5,4
27,0.4020534356564865,F1-F24,"4,16",5,4
28,0.0,F1-F24,"4,16",5,4
29,0.415255760186722,F1-F24,"4,16",5,4
30,0.0,F1-F24,"4,16",5,4
31,0.4198129823012955,F1-F24,"4,16",5,4
32,0.4139232966009663,F1-F24,"4,16",5,4
33,0.40482876423791886,F1-F24,"4,16",5,4
34,0.4299677120454398,F1-F24,"4,16",5,4
35,0.3624833070537848,F1-F24,"4,16",5,4
36,0.33573017868352706,F1-F24,"4,16",5,4
37,0.3958779207631556,F1-F24,"4,16",5,4
38,0.388358975048893,F1-F24,"4,16",5,4
39,0.4068873820261174,F1-F24,"4,16",5,4
40,0.4241258744814624,F1-F24,"4,16",5,4
41,0.4232200781243967,F1-F24,"4,16",5,4
42,0.41457225563421674,F1-F24,"4,16",5,4
43,0.3991263451966716,F1-F24,"4,16",5,4
44,0.4029878062485209,F1-F24,"4,16",5,4
45,0.36357587061791,F1-F24,"4,16",5,4
46,0.3984593239871387,F1-F24,"4,16",5,4
47,0.4018084548209942,F1-F24,"4,16",5,4
48,0.3932315864808976,F1-F24,"4,16",5,4
49,0.42563519608524614,F1-F24,"4,16",5,4
50,0.41099603380810046,F1-F24,"4,16",5,4
51,0.41155866711511047,F1-F24,"4,16",5,4
52,0.40366618086673717,F1-F24,"4,16",5,4
53,0.40620125460769524,F1-F24,"4,16",5,4
54,0.4123790634649082,F1-F24,"4,16",5,4
55,0.42225956429928313,F1-F24,"4,16",5,4
56,0.40924564036406674,F1-F24,"4,16",5,4
57,0.0,F1-F24,"4,16",5,4
58,0.4107374575727087,F1-F24,"4,16",5,4
59,0.3762536403895895,F1-F24,"4,16",5,4
60,0.38498152434119953,F1-F24,"4,16",5,4
61,0.40672221029070676,F1-F24,"4,16",5,4
62,0.4039225931387898,F1-F24,"4,16",5,4
63,0.4039801699010788,F1-F24,"4,16",5,4
64,0.4269213586544628,F1-F24,"4,16",5,4
65,0.4089239553360749,F1-F24,"4,16",5,4
66,0.3930158677430707,F1-F24,"4,16",5,4
67,0.4091878393313632,F1-F24,"4,16",5,4
68,0.4218078263453402,F1-F24,"4,16",5,4
69,0.4153318192426123,F1-F24,"4,16",5,4
70,0.40948083349406056,F1-F24,"4,16",5,4
71,0.4268047855939302,F1-F24,"4,16",5,4
72,0.0,F1-F24,"4,16",5,4
73,0.4193200334078146,F1-F24,"4,16",5,4
74,0.4257044989327075,F1-F24,"4,16",5,4
75,0.4071210781626018,F1-F24,"4,16",5,4
76,0.41468401458034615,F1-F24,"4,16",5,4
77,0.40621125426215504,F1-F24,"4,16",5,4
78,0.3988353338877537,F1-F24,"4,16",5,4
79,0.39694850704931617,F1-F24,"4,16",5,4
80,0.4013207204654744,F1-F24,"4,16",5,4
81,0.428277717370052,F1-F24,"4,16",5,4
82,0.4262478337332547,F1-F24,"4,16",5,4
83,0.38755857298061297,F1-F24,"4,16",5,4
84,0.41468388144005225,F1-F24,"4,16",5,4
85,0.4280228895856589,F1-F24,"4,16",5,4
86,0.42675821495082034,F1-F24,"4,16",5,4
87,0.4097744928750192,F1-F24,"4,16",5,4
88,0.0,F1-F24,"4,16",5,4
89,0.40196988221013885,F1-F24,"4,16",5,4
90,0.0,F1-F24,"4,16",5,4
91,0.0,F1-F24,"4,16",5,4
92,0.4154784327859899,F1-F24,"4,16",5,4
93,0.4274642608995673,F1-F24,"4,16",5,4
94,0.4246017178976323,F1-F24,"4,16",5,4
95,0.42628484480665907,F1-F24,"4,16",5,4
96,0.42107269782939194,F1-F24,"4,16",5,4
97,0.4148551872730435,F1-F24,"4,16",5,4
98,0.4233573332661483,F1-F24,"4,16",5,4
99,0.42804553285308317,F1-F24,"4,16",5,4
100,0.4192798988248111,F1-F24,"4,16",5,4
1,0.38024676922857753,F1-F24,"4,16",5,5
2,0.40727793730960327,F1-F24,"4,16",5,5
3,0.0,F1-F24,"4,16",5,5
4,0.3794824968608186,F1-F24,"4,16",5,5
5,0.3906003253904076,F1-F24,"4,16",5,5
6,0.0,F1-F24,"4,16",5,5
7,0.37724814843265747,F1-F24,"4,16",5,5
8,0.3811710704383952,F1-F24,"4,16",5,5
9,0.0,F1-F24,"4,16",5,5
10,0.40309224518868736,F1-F24,"4,16",5,5
11,0.3916865019215586,F1-F24,"4,16",5,5
12,0.40224879883233294,F1-F24,"4,16",5,5
13,0.38157667070640494,F1-F24,"4,16",5,5
14,0.37745179066706974,F1-F24,"4,16",5,5
15,0.38626121422320214,F1-F24,"4,16",5,5
16,0.36510436992750256,F1-F24,"4,16",5,5
17,0.3963107241591576,F1-F24,"4,16",5,5
18,0.3771285210721631,F1-F24,"4,16",5,5
19,0.38000445209125616,F1-F24,"4,16",5,5
20,0.0,F1-F24,"4,16",5,5
21,0.40388607547767663,F1-F24,"4,16",5,5
22,0.4150908133103063,F1-F24,"4,16",5,5
23,0.3985266098923002,F1-F24,"4,16",5,5
24,0.3913244155530622,F1-F24,"4,16",5,5
25,0.39613829963857067,F1-F24,"4,16",5,5
26,0.40717948969711804,F1-F24,"4,16",5,5
27,0.3734740408862136,F1-F24,"4,16",5,5
28,0.3857316847325738,F1-F24,"4,16",5,5
29,0.39958304165363595,F1-F24,"4,16",5,5
30,0.3971109984177549,F1-F24,"4,16",5,5
31,0.3994252663030364,F1-F24,"4,16",5,5
32,0.3969224278476094,F1-F24,"4,16",5,5
33,0.39492158251424164,F1-F24,"4,16",5,5
34,0.0,F1-F24,"4,16",5,5
35,0.39183411132758855,F1-F24,"4,16",5,5
36,0.3954302705361436,F1-F24,"4,16",5,5
37,0.409676318229696,F1-F24,"4,16",5,5
38,0.4037547869568332,F1-F24,"4,16",5,5
39,0.41075603450675574,F1-F24,"4,16",5,5
40,0.4000873348927547,F1-F24,"4,16",5,5
41,0.4112246671698764,F1-F24,"4,16",5,5
42,0.40959882331824965,F1-F24,"4,16",5,5
43,0.40354107055631183,F1-F24,"4,16",5,5
44,0.4054317922199138,F1-F24,"4,16",5,5
45,0.36352616247251873,F1-F24,"4,16",5,5
46,0.40814681852630136,F1-F24,"4,16",5,5
47,0.0,F1-F24,"4,16",5,5
48,0.4049706446427898,F1-F24,"4,16",5,5
49,0.4087393932209791,F1-F24,"4,16",5,5
50,0.0,F1-F24,"4,16",5,5
51,0.41144854247532714,F1-F24,"4,16",5,5
52,0.40950282618941725,F1-F24,"4,16",5,5
53,0.4027722749987449,F1-F24,"4,16",5,5
54,0.4061726913370808,F1-F24,"4,16",5,5
55,0.4109768448795303,F1-F24,"4,16",5,5
56,0.41047866072178313,F1-F24,"4,16",5,5
57,0.0,F1-F24,"4,16",5,5
58,0.4006933616077025,F1-F24,"4,16",5,5
59,0.4063407876492206,F1-F24,"4,16",5,5
60,0.4007168668898732,F1-F24,"4,16",5,5
61,0.402948458750363,F1-F24,"4,16",5,5
62,0.40615135673502994,F1-F24,"4,16",5,5
63,0.3980418645110498,F1-F24,"4,16",5,5
64,0.401842133735619,F1-F24,"4,16",5,5
65,0.4034090420117534,F1-F24,"4,16",5,5
66,0.4041874275094359,F1-F24,"4,16",5,5
67,0.4048223751674366,F1-F24,"4,16",5,5
68,0.4112052948764394,F1-F24,"4,16",5,5
69,0.4014038625222722,F1-F24,"4,16",5,5
70,0.4056951181059398,F1-F24,"4,16",5,5
71,0.3974387354102626,F1-F24,"4,16",5,5
72,0.400674385250167,F1-F24,"4,16",5,5
73,0.39988721546712896,F1-F24,"4,16",5,5
74,0.4123137839837333,F1-F24,"4,16",5,5
75,0.41527501982141873,F1-F24,"4,16",5,5
76,0.40777685633230204,F1-F24,"4,16",5,5
77,0.40718698060152625,F1-F24,"4,16",5,5
78,0.4025280004199342,F1-F24,"4,16",5,5
79,0.0,F1-F24,"4,16",5,5
80,0.40439652134015264,F1-F24,"4,16",5,5
81,0.40315348177731936,F1-F24,"4,16",5,5
82,0.4093210518049828,F1-F24,"4,16",5,5
83,0.0,F1-F24,"4,16",5,5
84,0.4076980728667342,F1-F24,"4,16",5,5
85,0.4017688959087508,F1-F24,"4,16",5,5
86,0.4039916275976872,F1-F24,"4,16",5,5
87,0.4219823999706762,F1-F24,"4,16",5,5
88,0.40243558428694887,F1-F24,"4,16",5,5
89,0.4115756193842088,F1-F24,"4,16",5,5
90,0.4148997556271242,F1-F24,"4,16",5,5
91,0.3975316423698204,F1-F24,"4,16",5,5
92,0.4075787464540593,F1-F24,"4,16",5,5
93,0.40214843187250343,F1-F24,"4,16",5,5
94,0.0,F1-F24,"4,16",5,5
95,0.40032987115373103,F1-F24,"4,16",5,5
96,0.41403929510874027,F1-F24,"4,16",5,5
97,0.40695523400399314,F1-F24,"4,16",5,5
98,0.403428066582268,F1-F24,"4,16",5,5
99,0.4089020442664683,F1-F24,"4,16",5,5
1,0.3853144149556027,F1-F24,8+16,5,1
2,0.3628364983077548,F1-F24,8+16,5,1
3,0.37172001352260803,F1-F24,8+16,5,1
4,0.37619948777372175,F1-F24,8+16,5,1
5,0.3745939665771508,F1-F24,8+16,5,1
6,0.0,F1-F24,8+16,5,1
7,0.0,F1-F24,8+16,5,1
8,0.0,F1-F24,8+16,5,1
9,0.3871547987577871,F1-F24,8+16,5,1
10,0.38030247226304836,F1-F24,8+16,5,1
11,0.3762467300860509,F1-F24,8+16,5,1
12,0.37164139256268497,F1-F24,8+16,5,1
13,0.3690103502250176,F1-F24,8+16,5,1
14,0.37355951775921487,F1-F24,8+16,5,1
15,0.0,F1-F24,8+16,5,1
16,0.36841335187666824,F1-F24,8+16,5,1
17,0.0,F1-F24,8+16,5,1
18,0.3637901144992299,F1-F24,8+16,5,1
19,0.36039506632658797,F1-F24,8+16,5,1
20,0.0,F1-F24,8+16,5,1
21,0.3787886042291833,F1-F24,8+16,5,1
22,0.37244653587470855,F1-F24,8+16,5,1
23,0.36281420250077906,F1-F24,8+16,5,1
24,0.0,F1-F24,8+16,5,1
25,0.38635971435948135,F1-F24,8+16,5,1
26,0.38092665822222244,F1-F24,8+16,5,1
27,0.3720907545535014,F1-F24,8+16,5,1
28,0.36766318547877164,F1-F24,8+16,5,1
29,0.37453516749436655,F1-F24,8+16,5,1
30,0.3618914461961912,F1-F24,8+16,5,1
31,0.38978768311526923,F1-F24,8+16,5,1
32,0.39881330599913445,F1-F24,8+16,5,1
33,0.3758820526221104,F1-F24,8+16,5,1
34,0.3878946309950097,F1-F24,8+16,5,1
35,0.38014852532941285,F1-F24,8+16,5,1
36,0.3681903145768464,F1-F24,8+16,5,1
37,0.36609015660680444,F1-F24,8+16,5,1
38,0.3869455523528593,F1-F24,8+16,5,1
39,0.3576683664834693,F1-F24,8+16,5,1
40,0.3921476561382923,F1-F24,8+16,5,1
41,0.3986336222816775,F1-F24,8+16,5,1
42,0.0,F1-F24,8+16,5,1
43,0.38532125591704297,F1-F24,8+16,5,1
44,0.0,F1-F24,8+16,5,1
45,0.3730873855711072,F1-F24,8+16,5,1
46,0.0,F1-F24,8+16,5,1
47,0.0,F1-F24,8+16,5,1
48,0.0,F1-F24,8+16,5,1
49,0.3857448150212772,F1-F24,8+16,5,1
50,0.0,F1-F24,8+16,5,1
51,0.3870887835018871,F1-F24,8+16,5,1
52,0.0,F1-F24,8+16,5,1
53,0.3943695124880357,F1-F24,8+16,5,1
54,0.37419863009036436,F1-F24,8+16,5,1
55,0.3959937227362488,F1-F24,8+16,5,1
56,0.3867367942987697,F1-F24,8+16,5,1
57,0.3639414472216814,F1-F24,8+16,5,1
58,0.3951725030271442,F1-F24,8+16,5,1
59,0.38643451412690705,F1-F24,8+16,5,1
60,0.3930552040558591,F1-F24,8+16,5,1
61,0.3575164610262911,F1-F24,8+16,5,1
62,0.3930086920272312,F1-F24,8+16,5,1
63,0.38896069205899103,F1-F24,8+16,5,1
64,0.3907771043902376,F1-F24,8+16,5,1
65,0.39747609773303966,F1-F24,8+16,5,1
66,0.3892193624466763,F1-F24,8+16,5,1
67,0.4035332479815498,F1-F24,8+16,5,1
68,0.388036224899872,F1-F24,8+16,5,1
69,0.40512121065324286,F1-F24,8+16,5,1
70,0.0,F1-F24,8+16,5,1
71,0.39336560644500623,F1-F24,8+16,5,1
72,0.4012105349539506,F1-F24,8+16,5,1
73,0.395810487263695,F1-F24,8+16,5,1
74,0.3935223159772855,F1-F24,8+16,5,1
75,0.0,F1-F24,8+16,5,1
76,0.3958760184459881,F1-F24,8+16,5,1
77,0.0,F1-F24,8+16,5,1
78,0.39449215917711394,F1-F24,8+16,5,1
79,0.41023715790394844,F1-F24,8+16,5,1
80,0.39707731227234605,F1-F24,8+16,5,1
81,0.4062823385236591,F1-F24,8+16,5,1
82,0.39377678102741753,F1-F24,8+16,5,1
83,0.40213907760275686,F1-F24,8+16,5,1
84,0.39562116132805675,F1-F24,8+16,5,1
85,0.0,F1-F24,8+16,5,1
86,0.3776270156277286,F1-F24,8+16,5,1
87,0.38700190604543827,F1-F24,8+16,5,1
88,0.39612669086551827,F1-F24,8+16,5,1
89,0.0,F1-F24,8+16,5,1
90,0.3961864966963031,F1-F24,8+16,5,1
91,0.39166139802818434,F1-F24,8+16,5,1
92,0.39524304870154364,F1-F24,8+16,5,1
93,0.4071941270707312,F1-F24,8+16,5,1
94,0.3923318975370905,F1-F24,8+16,5,1
95,0.40362088342286895,F1-F24,8+16,5,1
96,0.39921376614903914,F1-F24,8+16,5,1
97,0.3963461253928455,F1-F24,8+16,5,1
98,0.39991825490756994,F1-F24,8+16,5,1
99,0.0,F1-F24,8+16,5,1
100,0.40734163827669306,F1-F24,8+16,5,1
1,0.0,F1-F24,8+16,5,2
2,0.41381273429826343,F1-F24,8+16,5,2
3,0.3796067984047678,F1-F24,8+16,5,2
4,0.3892319775850403,F1-F24,8+16,5,2
5,0.3914481345200805,F1-F24,8+16,5,2
6,0.0,F1-F24,8+16,5,2
7,0.0,F1-F24,8+16,5,2
8,0.38752990813299887,F1-F24,8+16,5,2
9,0.41185661467992013,F1-F24,8+16,5,2
10,0.40756153368154036,F1-F24,8+16,5,2
11,0.40143351068198235,F1-F24,8+16,5,2
12,0.40886240513370686,F1-F24,8+16,5,2
13,0.41734468321734397,F1-F24,8+16,5,2
14,0.39076855958283807,F1-F24,8+16,5,2
15,0.38677504563208603,F1-F24,8+16,5,2
16,0.0,F1-F24,8+16,5,2
17,0.0,F1-F24,8+16,5,2
18,0.0,F1-F24,8+16,5,2
19,0.4080055971260015,F1-F24,8+16,5,2
20,0.38982789531661255,F1-F24,8+16,5,2
21,0.3883696207582623,F1-F24,8+16,5,2
22,0.3819562401093973,F1-F24,8+16,5,2
23,0.38653902339149787,F1-F24,8+16,5,2
24,0.3794659533249349,F1-F24,8+16,5,2
25,0.0,F1-F24,8+16,5,2
26,0.0,F1-F24,8+16,5,2
27,0.40054238868359854,F1-F24,8+16,5,2
28,0.4040634412509236,F1-F24,8+16,5,2
29,0.0,F1-F24,8+16,5,2
30,0.40734355304014597,F1-F24,8+16,5,2
31,0.38268825739111334,F1-F24,8+16,5,2
32,0.40596095113769876,F1-F24,8+16,5,2
33,0.0,F1-F24,8+16,5,2
34,0.41698377024714517,F1-F24,8+16,5,2
35,0.0,F1-F24,8+16,5,2
36,0.0,F1-F24,8+16,5,2
37,0.0,F1-F24,8+16,5,2
38,0.0,F1-F24,8+16,5,2
39,0.40814706134649165,F1-F24,8+16,5,2
40,0.40808705741587764,F1-F24,8+16,5,2
41,0.0,F1-F24,8+16,5,2
42,0.4084288968441055,F1-F24,8+16,5,2
43,0.40797626919886754,F1-F24,8+16,5,2
44,0.41508151994681114,F1-F24,8+16,5,2
45,0.4046497276519462,F1-F24,8+16,5,2
46,0.41082889865678485,F1-F24,8+16,5,2
47,0.0,F1-F24,8+16,5,2
48,0.0,F1-F24,8+16,5,2
49,0.0,F1-F24,8+16,5,2
50,0.41493397232975954,F1-F24,8+16,5,2
51,0.414495768185469,F1-F24,8+16,5,2
52,0.4190271630329533,F1-F24,8+16,5,2
53,0.41083608773764624,F1-F24,8+16,5,2
54,0.4145923912696693,F1-F24,8+16,5,2
55,0.41668860374196076,F1-F24,8+16,5,2
56,0.42007818093285565,F1-F24,8+16,5,2
57,0.41931569063745255,F1-F24,8+16,5,2
58,0.0,F1-F24,8+16,5,2
59,0.41267826132504226,F1-F24,8+16,5,2
60,0.0,F1-F24,8+16,5,2
61,0.4186330151760649,F1-F24,8+16,5,2
62,0.0,F1-F24,8+16,5,2
63,0.40782185058657167,F1-F24,8+16,5,2
64,0.0,F1-F24,8+16,5,2
65,0.4139256950515948,F1-F24,8+16,5,2
66,0.0,F1-F24,8+16,5,2
67,0.40736267628198947,F1-F24,8+16,5,2
68,0.4086932175354419,F1-F24,8+16,5,2
69,0.0,F1-F24,8+16,5,2
70,0.41837110585761955,F1-F24,8+16,5,2
71,0.40714338773603714,F1-F24,8+16,5,2
72,0.4105231926854473,F1-F24,8+16,5,2
73,0.4109169035103096,F1-F24,8+16,5,2
74,0.0,F1-F24,8+16,5,2
75,0.0,F1-F24,8+16,5,2
76,0.4138143390301039,F1-F24,8+16,5,2
77,0.419199208489139,F1-F24,8+16,5,2
78,0.41080752400468196,F1-F24,8+16,5,2
79,0.4114094312936777,F1-F24,8+16,5,2
80,0.41205517154766463,F1-F24,8+16,5,2
81,0.4167348879624881,F1-F24,8+16,5,2
82,0.4155037353761411,F1-F24,8+16,5,2
83,0.40301552957616216,F1-F24,8+16,5,2
84,0.4173354228681031,F1-F24,8+16,5,2
85,0.4141099229152017,F1-F24,8+16,5,2
86,0.41224490741287295,F1-F24,8+16,5,2
87,0.0,F1-F24,8+16,5,2
88,0.40823065281787385,F1-F24,8+16,5,2
89,0.41846716485321644,F1-F24,8+16,5,2
90,0.41717435901272437,F1-F24,8+16,5,2
91,0.0,F1-F24,8+16,5,2
92,0.4160254547011196,F1-F24,8+16,5,2
93,0.40349397918971835,F1-F24,8+16,5,2
94,0.415779131637137,F1-F24,8+16,5,2
95,0.4080112457063055,F1-F24,8+16,5,2
96,0.4085849858323803,F1-F24,8+16,5,2
97,0.41956972764661027,F1-F24,8+16,5,2
98,0.4133428352853074,F1-F24,8+16,5,2
99,0.415561336851212,F1-F24,8+16,5,2
1,0.3837053291356192,F1-F24,8+16,5,3
2,0.3926587646593299,F1-F24,8+16,5,3
3,0.39018125255595654,F1-F24,8+16,5,3
4,0.0,F1-F24,8+16,5,3
5,0.0,F1-F24,8+16,5,3
6,0.3886101638003507,F1-F24,8+16,5,3
7,0.38610656346612365,F1-F24,8+16,5,3
8,0.36817064337738276,F1-F24,8+16,5,3
9,0.3818696985980291,F1-F24,8+16,5,3
10,0.0,F1-F24,8+16,5,3
11,0.0,F1-F24,8+16,5,3
12,0.38837413993014164,F1-F24,8+16,5,3
13,0.39119724346183765,F1-F24,8+16,5,3
14,0.3728363694297355,F1-F24,8+16,5,3
15,0.3834921297132886,F1-F24,8+16,5,3
16,0.0,F1-F24,8+16,5,3
17,0.38358342849810817,F1-F24,8+16,5,3
18,0.39605113480692716,F1-F24,8+16,5,3
19,0.3892884358666222,F1-F24,8+16,5,3
20,0.40122674939490327,F1-F24,8+16,5,3
21,0.0,F1-F24,8+16,5,3
22,0.3813108308133066,F1-F24,8+16,5,3
23,0.4000273594320626,F1-F24,8+16,5,3
24,0.3921455907782131,F1-F24,8+16,5,3
25,0.0,F1-F24,8+16,5,3
26,0.3802299516414551,F1-F24,8+16,5,3
27,0.39778604578682863,F1-F24,8+16,5,3
28,0.0,F1-F24,8+16,5,3
29,0.40738295908259253,F1-F24,8+16,5,3
30,0.3967272728362447,F1-F24,8+16,5,3
31,0.3861722331269177,F1-F24,8+16,5,3
32,0.0,F1-F24,8+16,5,3
33,0.3939712080111461,F1-F24,8+16,5,3
34,0.3922081700773453,F1-F24,8+16,5,3
35,0.37721431885599965,F1-F24,8+16,5,3
36,0.38927728069695217,F1-F24,8+16,5,3
37,0.39055331728598547,F1-F24,8+16,5,3
38,0.39522601281628783,F1-F24,8+16,5,3
39,0.3299610547882402,F1-F24,8+16,5,3
40,0.3963766550127744,F1-F24,8+16,5,3
41,0.0,F1-F24,8+16,5,3
42,0.40559754610481424,F1-F24,8+16,5,3
43,0.40052598684767554,F1-F24,8+16,5,3
44,0.3963680128639814,F1-F24,8+16,5,3
45,0.39154884396949363,F1-F24,8+16,5,3
46,0.3971102727464857,F1-F24,8+16,5,3
47,0.0,F1-F24,8+16,5,3
48,0.40657692864743633,F1-F24,8+16,5,3
49,0.0,F1-F24,8+16,5,3
50,0.39217776346058647,F1-F24,8+16,5,3
51,0.4095777279330205,F1-F24,8+16,5,3
52,0.37089855360308704,F1-F24,8+16,5,3
53,0.38390654756125514,F1-F24,8+16,5,3
54,0.3838256313742559,F1-F24,8+16,5,3
55,0.37715083869014115,F1-F24,8+16,5,3
56,0.3925033697222889,F1-F24,8+16,5,3
57,0.3849861824844697,F1-F24,8+16,5,3
58,0.0,F1-F24,8+16,5,3
59,0.4033762421708969,F1-F24,8+16,5,3
60,0.0,F1-F24,8+16,5,3
61,0.3933930806653369,F1-F24,8+16,5,3
62,0.3939128770556469,F1-F24,8+16,5,3
63,0.0,F1-F24,8+16,5,3
64,0.0,F1-F24,8+16,5,3
65,0.39971564596892833,F1-F24,8+16,5,3
66,0.39967896878771797,F1-F24,8+16,5,3
67,0.4018009019591408,F1-F24,8+16,5,3
68,0.4004479492276245,F1-F24,8+16,5,3
69,0.3935481495685399,F1-F24,8+16,5,3
70,0.39945574211884266,F1-F24,8+16,5,3
71,0.4031445846298871,F1-F24,8+16,5,3
72,0.0,F1-F24,8+16,5,3
73,0.41910853860077885,F1-F24,8+16,5,3
74,0.40843140690607527,F1-F24,8+16,5,3
75,0.0,F1-F24,8+16,5,3
76,0.3636845464343131,F1-F24,8+16,5,3
77,0.36715248412459883,F1-F24,8+16,5,3
78,0.0,F1-F24,8+16,5,3
79,0.0,F1-F24,8+16,5,3
80,0.37715266227200767,F1-F24,8+16,5,3
81,0.0,F1-F24,8+16,5,3
82,0.40319124490586356,F1-F24,8+16,5,3
83,0.3065709997820873,F1-F24,8+16,5,3
84,0.0,F1-F24,8+16,5,3
85,0.0,F1-F24,8+16,5,3
86,0.3948024271304813,F1-F24,8+16,5,3
87,0.40275068809351805,F1-F24,8+16,5,3
88,0.38711601534911794,F1-F24,8+16,5,3
89,0.40579315729545906,F1-F24,8+16,5,3
90,0.4098899889890691,F1-F24,8+16,5,3
91,0.4086066264985384,F1-F24,8+16,5,3
92,0.4078627976662211,F1-F24,8+16,5,3
93,0.399068074249967,F1-F24,8+16,5,3
94,0.3874337800627663,F1-F24,8+16,5,3
95,0.0,F1-F24,8+16,5,3
96,0.37761960241824793,F1-F24,8+16,5,3
97,0.39677253852069433,F1-F24,8+16,5,3
98,0.4086052977276699,F1-F24,8+16,5,3
99,0.3748811478814565,F1-F24,8+16,5,3
100,0.4044015467123747,F1-F24,8+16,5,3
1,0.3758774216012081,F1-F24,8+16,5,4
2,0.0,F1-F24,8+16,5,4
3,0.39874429309222764,F1-F24,8+16,5,4
4,0.38058896704625156,F1-F24,8+16,5,4
5,0.36730254766003545,F1-F24,8+16,5,4
6,0.3738828737511567,F1-F24,8+16,5,4
7,0.0,F1-F24,8+16,5,4
8,0.3620249162841016,F1-F24,8+16,5,4
9,0.3900876525515622,F1-F24,8+16,5,4
10,0.3918737236900602,F1-F24,8+16,5,4
11,0.4022601905496604,F1-F24,8+16,5,4
12,0.40349460341577126,F1-F24,8+16,5,4
13,0.3782606616463836,F1-F24,8+16,5,4
14,0.3933176720334292,F1-F24,8+16,5,4
15,0.3783689641212089,F1-F24,8+16,5,4
16,0.0,F1-F24,8+16,5,4
17,0.39838101901126,F1-F24,8+16,5,4
18,0.37575171593846407,F1-F24,8+16,5,4
19,0.38008648023978264,F1-F24,8+16,5,4
20,0.3704245966034087,F1-F24,8+16,5,4
21,0.37788660924110834,F1-F24,8+16,5,4
22,0.0,F1-F24,8+16,5,4
23,0.38077009920020566,F1-F24,8+16,5,4
24,0.3772523139654058,F1-F24,8+16,5,4
25,0.39914927216873897,F1-F24,8+16,5,4
26,0.4049975820521717,F1-F24,8+16,5,4
27,0.3972657349939573,F1-F24,8+16,5,4
28,0.40050141347000523,F1-F24,8+16,5,4
29,0.39985390200578375,F1-F24,8+16,5,4
30,0.40379597449844146,F1-F24,8+16,5,4
31,0.3936526193620219,F1-F24,8+16,5,4
32,0.3877947184456383,F1-F24,8+16,5,4
33,0.4015554016682305,F1-F24,8+16,5,4
34,0.0,F1-F24,8+16,5,4
35,0.39826160879990613,F1-F24,8+16,5,4
36,0.0,F1-F24,8+16,5,4
37,0.39418896805641324,F1-F24,8+16,5,4
38,0.4015952747956904,F1-F24,8+16,5,4
39,0.0,F1-F24,8+16,5,4
40,0.367117305020333,F1-F24,8+16,5,4
41,0.40043502580856155,F1-F24,8+16,5,4
42,0.39813389526344084,F1-F24,8+16,5,4
43,0.0,F1-F24,8+16,5,4
44,0.39856604423812936,F1-F24,8+16,5,4
45,0.3987386582344347,F1-F24,8+16,5,4
46,0.40043672336788183,F1-F24,8+16,5,4
47,0.40180862916807214,F1-F24,8+16,5,4
48,0.0,F1-F24,8+16,5,4
49,0.4111518778732821,F1-F24,8+16,5,4
50,0.39942812487552026,F1-F24,8+16,5,4
51,0.4016910608268068,F1-F24,8+16,5,4
52,0.4033304515902641,F1-F24,8+16,5,4
53,0.39931317522172805,F1-F24,8+16,5,4
54,0.4001001441243201,F1-F24,8+16,5,4
55,0.3997422353641047,F1-F24,8+16,5,4
56,0.0,F1-F24,8+16,5,4
57,0.40617363804536877,F1-F24,8+16,5,4
58,0.0,F1-F24,8+16,5,4
59,0.39426128507341596,F1-F24,8+16,5,4
60,0.39866671544095106,F1-F24,8+16,5,4
61,0.4094972777017455,F1-F24,8+16,5,4
62,0.40350312267086275,F1-F24,8+16,5,4
63,0.4004319246049491,F1-F24,8+16,5,4
64,0.40677361809209583,F1-F24,8+16,5,4
65,0.0,F1-F24,8+16,5,4
66,0.0,F1-F24,8+16,5,4
67,0.39418223313578576,F1-F24,8+16,5,4
68,0.4075312958324551,F1-F24,8+16,5,4
69,0.40004102236169764,F1-F24,8+16,5,4
70,0.4040666947797268,F1-F24,8+16,5,4
71,0.4071840035458889,F1-F24,8+16,5,4
72,0.39759320059492287,F1-F24,8+16,5,4
73,0.0,F1-F24,8+16,5,4
74,0.0,F1-F24,8+16,5,4
75,0.0,F1-F24,8+16,5,4
76,0.4083656062800101,F1-F24,8+16,5,4
77,0.39729014533622586,F1-F24,8+16,5,4
78,0.4091050867051497,F1-F24,8+16,5,4
79,0.40212839124878214,F1-F24,8+16,5,4
80,0.40688160184770983,F1-F24,8+16,5,4
81,0.0,F1-F24,8+16,5,4
82,0.3982944449069049,F1-F24,8+16,5,4
83,0.4059649815588632,F1-F24,8+16,5,4
84,0.39677528030636267,F1-F24,8+16,5,4
85,0.41195645234027645,F1-F24,8+16,5,4
86,0.4094666618229535,F1-F24,8+16,5,4
87,0.0,F1-F24,8+16,5,4
88,0.0,F1-F24,8+16,5,4
89,0.0,F1-F24,8+16,5,4
90,0.41343599039525586,F1-F24,8+16,5,4
91,0.0,F1-F24,8+16,5,4
92,0.0,F1-F24,8+16,5,4
93,0.41279625211904064,F1-F24,8+16,5,4
94,0.0,F1-F24,8+16,5,4
95,0.40895248689533914,F1-F24,8+16,5,4
96,0.40769255314236863,F1-F24,8+16,5,4
97,0.4020816683857421,F1-F24,8+16,5,4
98,0.0,F1-F24,8+16,5,4
99,0.41080510870380926,F1-F24,8+16,5,4
100,0.40708919835387186,F1-F24,8+16,5,4
1,0.37792403193946555,F1-F24,8+16,5,5
2,0.0,F1-F24,8+16,5,5
3,0.36768293217012615,F1-F24,8+16,5,5
4,0.4012512397393435,F1-F24,8+16,5,5
5,0.0,F1-F24,8+16,5,5
6,0.380891167486939,F1-F24,8+16,5,5
7,0.3758947081035675,F1-F24,8+16,5,5
8,0.3760727078391991,F1-F24,8+16,5,5
9,0.4104437089824362,F1-F24,8+16,5,5
10,0.4034131165565576,F1-F24,8+16,5,5
11,0.3859093007858695,F1-F24,8+16,5,5
12,0.0,F1-F24,8+16,5,5
13,0.3958847631374365,F1-F24,8+16,5,5
14,0.40305410446128737,F1-F24,8+16,5,5
15,0.4012309058363452,F1-F24,8+16,5,5
16,0.4035641595572316,F1-F24,8+16,5,5
17,0.37862306991535444,F1-F24,8+16,5,5
18,0.42013230546085745,F1-F24,8+16,5,5
19,0.0,F1-F24,8+16,5,5
20,0.38506961708549403,F1-F24,8+16,5,5
21,0.38176218047190447,F1-F24,8+16,5,5
22,0.37733415351526106,F1-F24,8+16,5,5
23,0.0,F1-F24,8+16,5,5
24,0.3624689575764736,F1-F24,8+16,5,5
25,0.4147673984795313,F1-F24,8+16,5,5
26,0.4091452286818859,F1-F24,8+16,5,5
27,0.4044828729653955,F1-F24,8+16,5,5
28,0.3650103488185959,F1-F24,8+16,5,5
29,0.42099720544565994,F1-F24,8+16,5,5
30,0.43054394267765406,F1-F24,8+16,5,5
31,0.0,F1-F24,8+16,5,5
32,0.4020631592097562,F1-F24,8+16,5,5
33,0.40477511760324275,F1-F24,8+16,5,5
34,0.0,F1-F24,8+16,5,5
35,0.40312022538667824,F1-F24,8+16,5,5
36,0.0,F1-F24,8+16,5,5
37,0.40461200046214013,F1-F24,8+16,5,5
38,0.0,F1-F24,8+16,5,5
39,0.0,F1-F24,8+16,5,5
40,0.4032453458084298,F1-F24,8+16,5,5
41,0.4284538259806262,F1-F24,8+16,5,5
42,0.39540948594154623,F1-F24,8+16,5,5
43,0.42824157247703554,F1-F24,8+16,5,5
44,0.41521460428730533,F1-F24,8+16,5,5
45,0.40032330213170114,F1-F24,8+16,5,5
46,0.40287959429909476,F1-F24,8+16,5,5
47,0.0,F1-F24,8+16,5,5
48,0.4230238493725475,F1-F24,8+16,5,5
49,0.40326445025109287,F1-F24,8+16,5,5
50,0.4191243974979832,F1-F24,8+16,5,5
51,0.41848487384631805,F1-F24,8+16,5,5
52,0.4212274612953574,F1-F24,8+16,5,5
53,0.0,F1-F24,8+16,5,5
54,0.0,F1-F24,8+16,5,5
55,0.0,F1-F24,8+16,5,5
56,0.4167935112688094,F1-F24,8+16,5,5
57,0.4290227920303397,F1-F24,8+16,5,5
58,0.0,F1-F24,8+16,5,5
59,0.4270158103352865,F1-F24,8+16,5,5
60,0.0,F1-F24,8+16,5,5
61,0.4176487267692814,F1-F24,8+16,5,5
62,0.0,F1-F24,8+16,5,5
63,0.42519438480279204,F1-F24,8+16,5,5
64,0.0,F1-F24,8+16,5,5
65,0.0,F1-F24,8+16,5,5
66,0.43310441516448284,F1-F24,8+16,5,5
67,0.0,F1-F24,8+16,5,5
68,0.0,F1-F24,8+16,5,5
69,0.37699070158290726,F1-F24,8+16,5,5
70,0.39327354252200475,F1-F24,8+16,5,5
71,0.0,F1-F24,8+16,5,5
72,0.42969327698833065,F1-F24,8+16,5,5
73,0.0,F1-F24,8+16,5,5
74,0.4341061184295402,F1-F24,8+16,5,5
75,0.4267693226180243,F1-F24,8+16,5,5
76,0.0,F1-F24,8+16,5,5
77,0.43085807230727174,F1-F24,8+16,5,5
78,0.42904881258005173,F1-F24,8+16,5,5
79,0.42995541714433416,F1-F24,8+16,5,5
80,0.3874737197626249,F1-F24,8+16,5,5
81,0.0,F1-F24,8+16,5,5
82,0.4312731552379,F1-F24,8+16,5,5
83,0.0,F1-F24,8+16,5,5
84,0.42894341737970293,F1-F24,8+16,5,5
85,0.43082371555491183,F1-F24,8+16,5,5
86,0.43353644739180053,F1-F24,8+16,5,5
87,0.0,F1-F24,8+16,5,5
88,0.43730534850809344,F1-F24,8+16,5,5
89,0.4323319737534635,F1-F24,8+16,5,5
90,0.4285150017891056,F1-F24,8+16,5,5
91,0.0,F1-F24,8+16,5,5
92,0.42401747189664624,F1-F24,8+16,5,5
93,0.3871759976190825,F1-F24,8+16,5,5
94,0.39335621755204264,F1-F24,8+16,5,5
95,0.43032654747662474,F1-F24,8+16,5,5
96,0.43117402066948807,F1-F24,8+16,5,5
97,0.4230761201898087,F1-F24,8+16,5,5
98,0.4296782729827159,F1-F24,8+16,5,5
99,0.42808417704678414,F1-F24,8+16,5,5
100,0.42146258644869944,F1-F24,8+16,5,5
